population,waste_kg,segregated_kg,complaints,collection_delay,previous_gvp,risk_score
7231,3815.18,2745.09,7,6.63,1,73.35
24348,4488.81,3942.63,1,4.75,1,50.86
21364,4644.76,2573.2,25,1.96,0,46.23
15971,2766.35,1614.98,27,5.97,0,66.03
15825,2841.24,2263.52,30,0.68,1,57.42
26464,4099.42,2575.13,38,6.2,1,99.2
7148,1915.03,1446.07,19,4.72,0,48.89
22434,4268.22,2573.06,33,0.89,0,58.49
10036,2723.64,1276.08,28,0.64,0,46.95
7354,1021.36,776.09,11,6.01,1,75.51
18161,824.27,347.95,33,2.34,1,76.08
29390,4288.97,1969.58,2,7.11,0,62.67
23393,750.06,521.1,23,6.1,0,63.86
24028,1762.75,1341.45,37,5.59,0,64.47
22936,2003.59,1687.18,26,2.23,1,67.54
24651,1278.48,639.14,37,5.67,0,80.1
17830,1912.52,785.85,2,7.59,0,66.84
8202,3842.12,3365.02,21,0.73,0,26.74
25993,566.07,246.2,31,2.61,0,58.95
16259,4222.28,1936.83,25,1.88,1,66.95
17508,4354.47,2221.78,35,3.15,0,74.03
14269,2175.18,1394.65,18,5.94,0,63.36
9563,1191.26,995.36,27,3.79,1,71.13
28169,3203.78,2461.47,16,4.57,0,56.46
24539,1038.53,767.98,34,2.51,0,59.06
21096,2142.14,956.14,4,1.13,1,50.4
15060,4812.93,2631.35,10,2.14,1,50.05
25569,4979.59,3053.1,3,6.88,0,53.63
18635,3974.47,1713.33,28,4.82,0,67.73
16085,1899.33,950.4,9,3.02,1,63.26
16261,3594.49,1867.64,12,6.32,0,64.42
10680,3674.33,1543.23,33,0.52,1,64.66
7303,2245.29,1465.35,14,2.03,1,53.49
18864,3384.0,2496.6,5,1.84,0,18.41
27197,548.27,212.98,0,7.88,1,79.98
6595,1440.76,885.52,9,5.65,0,43.89
26457,2862.9,2233.68,36,4.94,1,89.68
25690,1236.88,941.75,21,0.04,0,29.4
11918,1246.58,995.13,39,1.47,0,60.05
20791,4263.37,2543.24,8,5.08,1,73.77
9130,4951.1,3967.35,14,3.04,1,56.1
23952,3001.86,1448.14,6,7.39,0,68.69
22513,4275.81,2345.05,15,6.12,1,75.98
13863,4956.45,2215.51,22,3.58,0,56.22
6698,1137.18,690.4,32,6.0,0,76.37
29267,2517.11,1423.76,14,7.8,0,60.27
16142,2266.58,1093.65,30,3.69,0,64.89
27328,860.22,656.76,25,5.14,1,71.63
21947,3898.99,2037.67,11,7.35,1,87.05
24459,2452.01,1226.11,36,1.99,1,73.4
23997,2611.97,1102.22,17,7.09,0,76.38
9865,1178.03,696.63,6,0.78,1,41.23
14097,1314.17,678.94,38,5.19,0,85.55
16668,4581.97,2534.29,36,6.26,1,100.0
17444,700.92,336.3,1,4.92,1,58.41
6095,1547.84,1191.42,36,3.96,1,79.42
18664,1814.27,1562.99,37,4.94,1,77.71
8857,2705.89,1688.1,33,1.21,0,52.39
23584,3139.0,2208.76,10,1.72,1,51.46
22076,2719.8,2249.13,25,2.16,1,72.63
28063,878.52,790.1,21,4.78,0,45.99
23619,1596.5,1097.49,24,3.54,1,68.68
14166,4296.15,3606.09,24,1.96,0,38.59
29187,3369.15,2862.88,25,7.06,0,70.28
15271,3421.17,2686.64,20,2.99,1,64.22
13145,3515.91,2121.9,27,3.57,1,77.07
27638,3933.06,1552.12,21,3.28,0,64.45
14261,761.49,273.14,0,1.46,1,42.92
6908,2149.74,1316.63,1,5.85,1,69.8
16738,2927.87,1820.77,38,3.59,0,70.9
24891,2023.05,1161.33,36,0.13,0,47.86
9736,4300.15,2848.82,23,7.71,0,75.97
16573,2671.58,1746.38,6,6.53,1,84.49
8248,3958.82,3207.19,31,5.79,0,65.31
22161,4334.07,1775.93,5,6.95,1,84.27
16892,2771.56,1313.3,15,7.25,1,86.2
13254,4592.99,3610.79,13,2.7,1,64.49
10672,3142.06,2564.89,0,4.89,0,39.97
19112,4326.23,3881.3,32,4.87,0,59.61
21745,2032.66,1687.31,20,2.14,1,57.45
28507,2744.68,2304.0,12,1.78,1,47.42
15928,2891.35,1511.86,20,0.91,0,37.63
9017,972.41,555.16,0,5.27,1,64.65
25816,2293.49,1140.89,17,6.25,1,86.98
20744,4628.02,3163.09,20,6.09,1,84.68
22506,3338.75,2892.5,13,2.53,0,32.75
7430,1298.78,700.76,33,1.64,1,74.0
12809,2024.85,1329.01,9,3.63,1,59.54
24196,1362.21,698.77,5,4.37,1,62.83
25806,611.7,271.22,21,7.35,0,73.44
15880,4673.57,2137.47,35,7.0,1,100.0
25119,2516.93,961.14,15,7.33,0,69.62
26042,1883.91,1642.98,1,6.8,1,64.17
14686,3193.15,1825.15,38,7.72,0,91.09
27452,532.92,431.0,17,3.72,0,50.85
12208,1751.1,1269.08,6,0.38,0,12.98
10988,3663.65,1669.0,24,0.67,0,41.6
22062,3351.96,1496.67,12,3.12,0,43.08
20919,4918.13,3917.75,37,2.06,0,57.28
8493,3291.61,1631.29,11,1.36,1,46.94
25818,2648.78,2257.57,22,7.63,0,66.43
9997,3926.45,1676.71,21,1.56,1,55.85
25122,4564.98,3299.29,9,7.68,0,64.4
5184,3743.13,2986.87,19,6.09,1,75.88
24921,4834.45,2317.59,4,5.13,0,44.81
24673,4019.02,2017.2,25,5.41,1,94.63
24509,4400.61,3874.67,30,2.65,0,43.03
21621,1013.47,502.2,38,5.17,0,82.78
16789,3795.86,2226.18,13,1.49,1,50.61
22629,2480.4,1458.19,11,7.5,1,92.01
11928,2988.97,1462.11,21,2.41,0,54.24
24518,3443.46,2674.48,27,2.04,1,58.63
18891,4864.17,3767.38,39,5.69,0,73.43
16472,4930.6,2751.64,1,5.25,0,51.0
17640,1797.03,1454.37,9,3.61,0,34.16
19218,3801.89,1776.21,10,5.06,1,73.77
5931,3874.93,1365.4,10,1.28,0,45.68
8494,2059.22,1367.61,18,5.39,0,54.22
11137,1057.41,948.23,34,2.16,0,47.12
7863,684.26,254.04,1,2.18,1,55.22
15990,3998.04,1856.69,32,1.3,0,60.05
21710,2703.65,1717.91,24,2.66,1,67.07
21360,4934.93,3925.58,24,2.65,1,63.8
16777,2592.38,1034.29,27,3.63,1,74.21
26377,4900.63,2780.51,4,1.52,1,42.58
19130,2352.09,1789.69,29,1.54,0,45.71
6979,4071.57,2257.07,9,4.33,0,48.69
24124,881.69,400.16,20,1.03,1,59.31
19365,2999.58,1372.37,27,5.51,0,79.08
20867,4109.27,2364.99,24,7.55,0,74.04
19134,4661.16,2860.46,12,3.41,0,44.65
18839,4201.62,3462.13,15,7.21,1,81.57
7264,666.37,468.62,19,0.79,1,45.47
18980,2177.16,1588.72,1,0.34,0,20.23
24872,719.14,640.5,29,5.77,1,84.38
12598,991.77,571.77,3,6.09,1,69.33
20070,3538.88,2023.69,18,6.74,1,96.65
5770,3709.66,3182.3,26,0.45,1,44.38
13687,3981.74,1932.07,3,6.22,1,74.27
15917,4394.55,3302.06,39,3.01,0,65.35
29568,3827.44,2928.05,15,2.43,1,51.15
10364,4103.92,1657.1,0,1.38,0,31.11
11913,720.34,437.62,26,7.97,0,74.19
15213,1555.41,715.97,22,0.51,1,61.8
29816,3298.54,1490.8,25,6.62,1,100.0
26335,4361.56,2639.21,30,5.12,0,72.71
5867,520.25,264.9,19,5.88,1,73.42
10848,2815.83,2218.41,33,5.69,0,65.36
25541,3547.79,3012.72,14,6.87,0,61.27
6457,633.23,501.2,21,1.47,0,33.98
26391,2306.1,1144.56,6,0.01,1,27.38
12034,4530.36,2268.68,24,4.79,0,73.66
27941,3522.26,1726.26,10,2.83,0,44.07
12339,1569.46,665.88,27,0.99,1,62.49
15857,4337.52,3769.69,32,1.49,0,50.23
21547,2066.14,1180.03,34,2.65,1,74.74
8157,4340.05,2055.36,37,0.56,0,53.08
18925,1845.25,1505.11,4,0.46,0,15.27
17625,3156.44,1797.77,5,7.33,1,87.78
24597,2286.23,844.34,37,2.5,0,76.36
29902,1736.71,762.53,15,7.86,0,77.08
21607,4489.51,3149.78,1,7.71,0,59.09
15229,1344.17,1049.26,11,1.14,0,28.06
15159,881.65,410.86,33,5.72,0,71.77
15448,2038.67,1742.18,14,4.81,0,48.66
25350,3729.38,3050.81,3,5.53,1,56.61
13030,4133.44,3375.41,28,0.77,0,40.66
9174,4994.35,2373.38,7,1.51,0,34.2
13357,1833.63,692.74,14,0.61,0,38.98
5567,2335.74,1931.85,0,4.83,1,52.7
7653,1115.7,578.14,24,7.89,1,83.21
7251,3086.92,2131.22,17,5.38,1,76.14
24288,4989.11,3831.55,34,5.69,0,77.03
23058,3653.96,1536.72,13,7.88,1,96.29
22419,3178.46,2477.48,8,5.42,0,46.31
16546,2265.66,1962.47,6,0.32,1,39.66
22926,4618.84,3466.93,8,6.94,0,59.01
9031,2736.12,1621.63,18,2.92,0,49.39
27515,1104.65,919.26,3,0.03,1,32.25
17526,2144.2,1372.51,16,4.06,0,51.47
28451,802.25,609.41,34,7.5,0,75.35
8807,1408.91,1128.93,30,2.06,0,33.5
17433,579.51,441.67,25,3.93,1,67.46
22408,2539.76,1291.01,35,1.39,1,78.24
17390,3355.43,1391.88,31,0.46,1,67.58
16153,2044.82,983.73,26,0.64,1,66.56
9155,2391.72,1498.61,34,5.82,0,76.93
14525,4816.44,3024.25,4,6.91,0,64.04
10969,3883.83,2603.93,32,1.15,0,47.4
12537,2933.85,1664.39,11,2.31,0,40.84
22092,1780.43,1393.71,29,1.56,0,45.51
20757,4536.49,3866.15,36,0.21,0,50.06
20179,1557.94,756.69,19,4.43,0,49.9
14045,1964.04,1483.02,3,5.6,1,58.52
28992,4590.79,3318.61,14,5.18,0,58.25
7191,2882.94,1838.45,16,3.1,1,70.96
13564,3840.43,1742.37,37,4.44,0,79.15
7950,3158.35,2486.82,37,0.75,1,63.51
13473,3440.48,3021.92,22,1.23,1,55.47
29047,1847.22,1379.9,38,7.45,1,100.0
14156,1586.17,1355.9,17,6.09,0,52.95
27714,1951.22,1739.12,16,7.38,0,61.86
17376,1199.49,652.07,33,7.33,1,100.0
22492,4434.41,3108.63,26,5.2,1,92.83
16435,1774.61,1083.69,20,7.43,0,76.01
11646,3026.7,2701.77,18,3.33,1,59.0
24105,4063.88,1632.03,28,0.03,0,47.1
29229,4027.21,2322.92,30,0.5,0,49.26
11588,2472.74,2056.2,19,0.88,0,28.87
24468,2643.16,1338.04,1,0.76,1,41.5
11528,4976.16,3897.76,4,2.81,1,43.26
22922,3535.69,1981.86,5,5.61,0,58.56
24725,4165.87,3703.41,18,6.33,1,70.78
16234,4561.49,3813.14,24,4.72,1,72.89
23422,4044.15,2085.68,32,1.17,0,54.3
11806,1333.31,1031.45,9,5.98,1,77.09
6981,3029.77,1621.75,31,2.84,1,76.37
7409,958.52,655.15,26,0.1,1,49.1
16175,3438.15,2448.53,2,2.24,0,23.47
27565,4799.07,3869.38,14,2.64,1,64.05
8189,2807.29,1020.31,12,2.19,0,30.71
16394,2448.38,1153.4,35,6.49,0,80.52
22600,661.29,490.38,36,6.08,1,100.0
10059,4818.99,3180.23,32,5.56,1,95.38
23040,963.51,599.87,21,1.11,1,49.77
12648,684.86,260.5,19,6.46,1,89.71
25216,1607.3,870.44,12,5.42,1,74.29
19480,794.89,656.42,30,1.56,1,63.82
18672,2548.03,935.1,3,5.18,0,61.95
9419,2822.4,1603.23,10,3.87,1,66.0
16580,1906.56,1658.39,5,3.51,0,26.94
26415,729.32,275.67,19,0.9,0,45.36
5488,1002.2,764.02,11,4.15,1,55.35
23962,2230.27,1096.59,7,0.8,1,41.01
17319,772.38,638.47,15,1.31,0,17.9
22986,3641.85,2769.04,34,1.06,1,57.44
21582,1431.59,1198.44,22,7.63,1,81.62
15802,1859.32,871.57,32,2.28,0,53.24
12716,2273.57,1460.11,36,2.84,1,80.6
20682,2374.74,1848.97,36,2.58,0,49.59
8505,507.47,246.19,14,7.19,1,70.36
19602,1004.32,478.97,35,4.5,1,85.75
7367,4382.44,1599.37,36,7.35,1,100.0
21246,505.55,443.46,38,2.4,1,66.56
20718,2786.75,2063.62,14,0.92,1,53.82
7111,2702.76,1890.74,9,4.45,1,59.22
23937,1998.92,1517.58,23,2.76,0,49.53
15395,2440.97,1568.05,37,6.42,0,81.66
24672,4012.62,2455.21,36,7.04,0,86.54
6040,4285.42,2559.43,22,3.78,1,70.78
9486,1671.57,1173.84,5,7.77,1,75.55
17349,1951.21,899.2,16,4.42,0,53.03
9705,1591.17,1334.09,28,2.17,0,44.41
13246,2659.39,2118.1,22,3.91,1,66.9
21514,3574.66,1938.4,13,0.3,1,43.93
8613,1527.14,1020.49,13,6.43,0,63.52
21942,1988.31,850.13,2,0.81,1,45.56
7585,4686.73,4146.77,11,2.47,1,47.39
9379,718.56,608.33,26,4.52,1,72.32
19691,2573.46,2205.57,9,0.34,1,34.43
24837,3702.01,1972.02,39,0.63,1,69.97
9264,1177.04,521.46,3,5.57,1,69.57
12499,713.18,332.68,23,0.57,1,55.47
28128,1121.92,448.21,19,3.82,1,70.5
29742,4634.7,1928.32,33,2.71,0,58.64
19526,541.67,210.83,35,1.82,0,58.61
16175,1347.45,1205.16,21,1.51,0,34.56
13671,640.78,250.37,25,6.11,1,89.54
20311,997.83,421.98,27,7.61,0,97.08
19772,3290.67,2648.96,20,1.12,1,55.74
12368,1587.38,1062.16,7,7.68,0,66.56
5570,3061.45,2375.47,17,4.76,0,55.23
8787,3155.88,2199.65,9,5.13,0,57.84
28963,4322.46,3610.1,18,5.68,1,70.77
15453,521.34,365.54,24,5.63,0,49.26
17057,4340.16,2765.42,8,6.56,1,74.27
16677,3286.04,2438.28,9,3.87,1,61.19
24568,1232.35,734.56,32,4.27,1,84.38
6623,3978.22,2149.57,15,2.59,0,46.89
7068,4349.71,2641.18,7,0.84,1,51.67
11896,1644.19,728.94,28,5.32,1,92.7
17166,4634.57,3652.57,28,0.27,0,41.66
21778,2545.06,1255.7,33,2.21,0,54.87
17267,3215.41,1396.91,30,0.75,1,63.85
16029,4930.92,2393.93,39,1.53,1,89.93
28445,2126.91,1729.47,22,5.11,0,56.14
9025,4159.22,2211.08,11,5.03,0,52.65
19293,1932.8,1405.78,34,3.37,0,56.13
18556,4096.46,3363.3,10,0.72,1,37.19
16837,3203.3,1258.13,11,3.47,0,46.84
25189,1473.6,1135.8,33,2.82,0,47.16
11674,2363.12,1226.97,35,5.76,0,72.48
28844,1929.36,905.14,13,4.63,0,54.06
13289,851.49,620.65,29,3.93,0,53.75
18625,634.26,539.36,36,3.9,0,64.49
18016,2059.15,1054.82,31,7.73,1,100.0
26244,585.65,388.21,0,6.05,1,63.3
15972,1244.69,634.06,26,3.98,0,57.51
12113,3763.32,2464.44,6,3.83,0,40.0
5540,3686.41,2551.09,33,0.21,0,45.6
14091,3823.61,2621.79,2,7.54,1,78.1
25657,1927.19,1335.45,39,2.55,0,59.81
5247,4505.09,1911.48,7,2.05,0,44.73
27404,3172.24,2320.32,16,8.0,1,87.64
18570,1067.12,769.51,9,5.75,0,53.12
8506,1146.73,831.87,32,0.38,0,37.82
12554,3618.93,1414.06,15,0.5,0,29.06
18850,1278.25,761.53,29,0.2,0,41.97
12892,2782.82,1600.03,2,4.8,1,65.34
7714,4962.99,1973.74,18,0.57,1,63.26
21649,518.03,244.67,36,7.47,0,91.93
21806,574.61,340.47,37,7.5,0,85.58
7971,4968.88,3769.39,8,4.37,0,39.4
12030,3130.87,1504.02,15,4.93,1,80.11
11096,1071.09,863.69,16,2.34,0,36.26
21485,4537.86,2950.47,22,0.51,0,34.84
23257,4461.71,3427.63,21,5.9,1,86.31
23174,2912.9,1776.6,4,0.81,0,18.28
28469,3298.06,2059.83,30,0.68,0,42.41
24216,1729.34,1194.71,9,2.49,0,40.98
13016,727.34,625.79,12,0.1,1,38.61
7693,3175.55,1970.42,33,3.47,1,79.57
20366,1826.4,1170.29,27,5.66,1,87.48
27900,3486.29,2374.51,15,6.41,0,62.59
29378,4263.1,3221.34,36,4.83,1,74.86
10755,581.72,226.59,15,6.77,1,83.13
10911,3180.71,2015.39,22,3.25,0,51.6
5935,1540.76,947.38,9,6.79,0,56.76
8531,4432.5,3798.33,7,4.05,0,38.55
18871,1641.49,1020.07,19,1.78,1,63.56
18670,3248.47,1973.69,22,7.55,0,74.76
14273,2990.93,2629.66,32,2.2,0,42.23
12748,2282.75,1364.67,15,0.21,1,48.63
25744,3549.29,1595.36,35,1.94,0,60.61
16500,3765.96,1767.38,24,2.93,1,74.64
25206,3051.22,1227.67,2,2.81,0,36.78
29080,3912.9,1370.74,29,4.2,0,83.8
12928,4925.38,2894.0,22,7.07,1,82.75
10068,2386.73,1845.14,15,2.34,1,51.62
28822,2815.62,2121.31,18,4.17,0,49.31
20870,556.11,204.47,12,2.72,1,59.39
12272,4082.13,2708.45,24,6.57,1,94.43
20546,2841.04,1235.44,22,1.26,0,50.6
17876,2335.83,2026.54,17,0.83,1,43.92
27638,923.32,408.16,11,4.02,0,48.34
11399,4503.45,3128.33,15,5.38,1,74.17
29784,2277.53,1205.8,19,6.36,0,67.97
28401,3571.62,2510.34,18,4.72,0,54.24
9517,1172.18,676.05,12,6.19,1,75.78
9115,4826.97,3706.17,23,3.14,1,69.03
18328,1302.99,621.36,9,0.26,0,30.31
6122,1397.94,1185.71,20,0.93,1,40.91
12469,4365.42,2728.89,4,0.31,0,15.66
15877,4606.62,3527.99,18,2.63,1,51.56
29234,1454.66,1188.97,31,3.96,1,78.97
29809,2614.1,2351.01,32,2.85,1,69.36
8788,3800.73,1798.39,27,4.48,1,89.1
27291,4452.65,2261.01,29,3.84,1,77.32
7273,2205.74,1075.82,2,5.42,1,76.13
23715,2826.59,1397.97,13,5.34,1,73.99
26141,3837.72,2572.6,26,2.54,0,51.96
27269,3790.11,3397.6,32,2.77,1,73.2
10585,4023.32,3599.48,23,4.68,1,66.7
27336,3064.7,1960.57,34,4.77,0,67.98
7899,970.77,680.96,10,2.52,1,51.67
17971,4567.88,3759.29,6,2.64,1,62.1
16738,4395.08,3793.45,3,5.55,0,43.25
12898,4091.44,1890.75,23,5.18,0,77.45
5552,949.38,608.27,26,1.08,0,47.1
24300,1419.79,1147.27,11,3.53,1,56.32
13389,3846.2,1987.57,31,7.14,1,98.58
21541,604.13,357.58,29,0.29,1,63.84
15255,4906.51,4377.06,14,6.84,1,68.88
14341,2197.15,1959.37,9,1.31,0,28.73
27157,3736.91,3170.24,29,4.06,1,75.71
7361,4494.07,3546.48,26,3.39,0,39.64
23415,2275.83,1133.42,6,0.08,0,21.48
23669,1936.1,1019.29,10,7.32,0,68.69
14499,3239.34,2108.83,19,3.64,1,67.64
11561,3114.45,2050.64,20,7.63,0,76.92
5132,2341.13,1470.29,6,2.29,0,27.27
28420,3207.99,2246.13,37,6.93,0,77.09
28693,4709.22,2705.81,15,7.38,0,71.2
11024,2604.38,1984.66,15,4.45,1,65.9
5797,1385.34,739.01,2,1.62,1,42.36
8068,2197.43,1168.75,35,5.48,1,100.0
6691,2273.48,954.8,9,4.39,1,65.68
25777,1089.99,494.63,39,7.56,1,100.0
27297,1232.92,1008.27,19,3.51,1,61.47
8832,3580.53,2132.05,34,2.15,0,50.35
23668,2027.65,963.8,7,1.11,1,41.56
9481,4797.04,3682.39,6,5.59,1,65.97
14180,1596.19,1045.01,32,7.79,1,100.0
19984,945.16,341.8,32,0.23,0,53.04
22998,3890.77,2038.76,21,5.92,0,61.02
26864,4464.66,1997.27,1,7.42,1,65.18
6119,1751.51,1244.85,37,0.6,1,68.69
9910,1409.4,706.48,15,0.88,0,34.24
12012,1335.95,515.3,37,5.54,1,100.0
12758,2849.06,1083.25,34,5.18,0,76.15
29950,2607.87,1747.15,34,0.55,1,65.89
24435,1667.48,603.54,27,6.68,0,86.05
13010,703.28,574.46,26,4.19,0,50.39
29295,2666.71,1161.27,21,7.26,1,94.29
17482,4817.0,3292.95,0,7.02,1,71.07
17518,3436.34,2043.17,15,6.5,0,67.56
15842,2729.78,1620.31,29,4.13,0,63.65
8597,998.11,388.75,32,2.01,1,82.06
28359,1635.96,1294.89,22,4.05,0,47.64
5348,1826.48,1536.4,28,0.81,1,47.58
9356,3941.62,1403.45,0,5.27,1,80.13
10741,4445.2,1992.48,18,1.07,1,58.07
11982,4557.39,3860.78,20,4.09,0,46.79
8295,4930.56,3215.82,35,0.44,0,48.93
5449,4920.65,2128.29,12,2.4,1,64.26
21941,4788.5,2210.06,9,1.86,0,37.32
29232,823.2,586.94,14,4.96,1,67.23
8045,1120.07,838.54,6,6.29,0,48.48
12413,1870.1,1271.08,22,0.46,1,52.67
17658,2988.04,2612.24,25,6.8,0,54.89
28187,936.4,582.19,32,6.89,1,100.0
22356,4306.09,2218.28,38,2.74,1,85.37
24154,3275.4,2006.11,2,5.27,0,48.6
19527,2940.64,1610.93,9,3.22,0,35.43
15425,1243.9,588.9,12,1.23,0,32.27
9994,1639.65,615.33,9,4.23,0,48.38
26607,1221.4,664.1,33,0.69,0,55.76
25103,4333.7,3212.46,5,7.03,0,52.32
5627,3129.03,1126.89,1,7.39,1,85.68
22885,3808.08,2252.66,34,6.57,1,97.56
7109,1832.15,1290.21,38,4.5,0,67.39
23474,2170.64,1488.45,9,4.46,0,43.01
25648,2321.85,1804.44,13,7.88,0,70.45
8276,3920.07,3119.53,20,1.98,1,47.5
15845,3975.59,2947.65,21,0.61,0,27.4
8093,1430.66,581.62,39,4.5,0,69.32
19182,4736.92,2895.5,16,2.63,0,39.83
28189,1042.95,711.16,0,2.58,1,38.71
7021,4532.55,2198.56,16,0.06,0,26.62
14939,951.78,355.4,22,4.77,1,80.11
29328,1690.43,799.53,20,2.11,0,37.05
12523,4309.15,2586.32,20,1.5,0,37.48
8305,1307.71,755.42,36,0.32,0,54.16
17214,2361.06,1055.79,32,2.91,0,65.8
17709,2524.37,2028.15,10,7.03,1,75.03
21571,1603.67,1377.75,14,2.69,0,28.23
12843,3696.1,1702.95,26,5.43,0,65.47
28890,4331.01,3730.14,16,6.05,0,50.49
18025,4435.59,1596.03,17,2.62,1,71.16
12161,2026.95,1740.6,6,6.57,0,52.16
29007,2888.83,2523.57,10,5.54,1,68.64
28120,1617.83,576.96,29,4.47,1,92.78
17479,1601.58,1232.68,33,0.01,1,52.57
5621,1225.64,1082.99,31,0.28,1,52.28
19923,4730.09,4012.28,12,7.93,1,80.07
18879,4495.95,3973.93,5,6.26,0,45.89
8705,3998.11,2609.48,6,7.5,1,89.26
20849,2829.48,1111.94,15,7.22,1,83.43
26019,2707.74,2213.26,20,0.16,0,25.91
7647,2883.86,1982.96,35,6.33,0,84.66
23083,2914.56,2005.52,35,3.61,1,74.29
8508,2455.53,1422.96,0,6.32,1,64.59
23720,1092.9,726.24,28,0.05,1,52.01
15477,1065.49,462.92,11,2.31,0,39.5
5162,4785.12,3621.73,7,6.01,0,43.46
29155,2669.14,1044.33,22,6.34,1,96.6
9149,4789.42,3598.68,1,4.96,0,43.75
19901,1236.1,1009.81,13,2.41,1,52.23
9536,2994.87,1826.45,22,2.48,1,61.8
28325,1434.73,904.46,10,7.73,0,64.49
23458,1639.33,855.27,23,3.51,1,69.52
25109,635.25,561.05,18,3.58,0,38.35
15801,1035.29,779.8,31,4.42,0,71.41
16684,4625.82,2557.82,7,3.28,0,42.83
20857,1946.9,868.6,2,4.42,1,56.74
24619,3236.58,1523.68,21,3.46,1,75.94
26174,2592.56,1568.91,10,6.61,0,53.05
5445,2302.03,1999.11,28,7.27,1,83.45
21589,2893.49,2181.05,3,7.46,1,66.79
7728,1342.58,628.84,23,4.51,1,78.6
12198,4948.72,4071.6,39,3.54,1,87.51
25735,4182.39,2333.81,3,5.64,1,72.06
11262,3837.27,3140.6,12,6.71,1,77.59
24920,2609.42,1260.18,33,4.5,1,85.1
16575,1187.95,820.0,21,5.6,0,57.47
10816,4643.0,3991.44,6,6.0,0,48.6
13356,2036.24,1001.51,8,5.41,0,51.1
18269,725.48,530.41,30,5.97,1,85.23
24128,2040.82,1822.49,34,1.67,1,65.24
20150,4075.06,1763.8,14,3.99,1,71.87
28330,3302.19,1316.32,18,4.71,0,64.56
26693,3878.77,2795.85,31,0.02,0,48.23
23833,4071.36,2185.73,7,6.85,0,61.07
20077,1453.8,565.79,8,4.88,1,77.72
12246,4657.02,2847.39,30,1.03,0,51.79
15314,2470.95,1889.23,7,6.53,0,44.42
7972,3375.56,1710.79,30,5.74,1,89.21
14354,510.39,272.69,19,6.07,0,60.78
28161,4970.16,4051.35,39,3.14,1,76.59
15647,1764.03,1122.0,1,6.83,1,68.72
7843,779.28,633.95,37,3.31,0,60.96
21298,2562.18,1525.81,9,4.56,0,54.17
29065,1080.64,944.62,1,0.01,0,7.33
26687,1185.47,839.24,28,5.16,0,61.29
11851,3345.27,1384.09,21,5.75,0,61.02
16347,2268.17,1898.01,33,4.54,0,62.17
18275,4648.34,2877.77,4,3.97,0,41.65
11195,1936.2,828.5,3,6.48,1,76.35
11717,3767.81,1635.15,22,5.45,0,81.06
10916,2574.95,1874.93,35,2.22,1,78.67
29864,3469.78,1304.83,16,7.67,1,100.0
23650,3198.63,1623.71,31,5.66,0,72.18
26021,2627.53,1121.65,36,7.9,1,100.0
25414,4775.27,2829.79,34,7.77,0,89.86
28978,2042.21,1180.18,20,7.35,1,87.26
7631,1297.56,826.59,27,6.04,0,72.23
27040,3551.42,1789.21,21,4.88,1,83.94
6663,4307.03,1583.37,26,1.38,1,66.81
16885,681.14,468.57,22,4.35,1,77.74
19860,2523.35,1401.83,21,6.12,0,68.95
13946,4516.19,3198.52,17,4.17,1,60.84
8654,3873.28,1587.14,26,6.95,1,100.0
9807,4963.13,1774.71,30,0.88,1,75.47
25616,2891.36,1406.83,36,3.05,1,90.32
12968,3469.98,2085.81,24,4.05,0,57.61
12758,1861.16,1054.79,4,3.46,0,41.62
28084,4763.91,3790.48,23,0.87,1,55.31
8596,2148.51,1198.46,12,1.23,1,44.39
27881,3823.3,2453.57,1,6.7,1,63.25
28024,2314.13,1565.36,2,3.88,1,58.75
19963,3028.19,1096.23,23,0.39,1,68.99
9138,3739.02,2368.01,37,0.13,1,68.38
8896,2790.2,1505.75,20,3.79,0,62.91
12118,4581.89,2665.3,17,1.32,0,44.95
19435,2386.85,967.05,3,5.64,0,57.38
8840,3411.82,2663.1,27,6.36,1,82.73
16391,2040.63,1771.93,2,1.83,1,44.49
7887,2336.71,846.47,33,4.74,1,97.91
18507,2480.23,1688.43,32,1.24,0,45.72
5528,1066.13,821.04,39,2.43,1,71.08
22725,912.76,462.44,11,7.11,1,84.0
6384,3503.7,2743.95,6,4.35,1,48.99
9870,3449.83,2407.27,11,7.09,0,64.89
9366,3483.09,2999.08,31,1.8,0,40.69
25774,588.95,523.9,8,2.64,0,27.48
6334,1969.46,735.18,35,3.77,1,88.38
15731,1390.14,826.74,6,3.84,1,56.75
19778,4001.68,2604.47,1,7.98,1,73.49
17899,4372.84,1883.42,8,0.92,0,32.88
22017,1610.06,861.31,30,6.82,0,89.49
25077,3505.32,3130.97,24,6.91,1,91.24
14840,1082.13,388.41,14,4.43,0,59.03
25705,1738.19,1040.96,26,2.75,1,70.18
12949,1123.95,914.28,25,4.15,0,56.29
29610,1775.84,937.9,22,2.34,1,72.25
17613,3536.31,2170.91,20,6.39,1,82.13
23400,4596.47,4081.32,4,3.99,1,51.1
26875,1411.35,862.59,10,7.41,0,53.7
24816,2939.36,1240.43,21,4.98,1,90.19
26278,3656.26,1383.7,5,4.11,1,77.76
18412,4788.15,4165.59,19,5.69,1,75.48
6086,3245.27,1610.29,4,4.03,0,33.51
17327,1647.98,1033.67,31,7.24,1,100.0
9537,3314.65,1325.48,4,1.48,0,28.51
27227,1942.21,1132.33,3,7.79,0,56.66
10918,4892.58,4215.24,25,6.5,1,88.42
10701,2298.54,1439.64,8,6.89,1,77.85
11234,3584.42,3169.08,14,3.86,0,38.47
21064,604.52,297.64,12,6.7,0,60.22
19280,2300.28,1443.42,8,2.45,1,52.8
28721,4437.98,3651.32,30,6.1,1,86.23
15406,3246.02,1936.38,27,1.12,0,40.28
12056,2497.74,1258.16,9,2.46,1,55.33
6231,4711.72,3866.02,27,3.57,1,73.71
5176,4342.93,2451.32,28,2.58,1,73.9
14340,1949.97,1251.68,21,3.1,0,41.55
28145,2950.47,2617.33,23,6.56,1,86.07
18093,2704.21,1223.83,37,2.05,1,68.03
27338,3344.91,1725.21,18,5.96,1,82.63
7541,2003.5,735.46,15,0.59,1,52.63
7333,1598.92,904.21,21,6.13,0,67.97
25836,4607.02,2119.7,33,6.34,0,88.16
7668,4657.44,3372.07,28,3.21,0,61.45
6299,4294.95,1931.56,3,5.78,0,51.73
15102,4901.92,3535.0,18,7.32,0,72.67
28121,3852.46,1906.63,29,6.41,0,81.32
22234,3941.0,2149.3,8,3.12,1,51.4
7477,3931.66,2130.46,39,3.87,1,100.0
25928,2662.73,1981.64,32,6.23,1,84.23
26089,2554.03,1549.23,33,2.34,1,77.03
25017,1581.02,867.53,3,6.43,0,55.14
27566,3401.69,2785.79,23,2.62,0,45.35
10996,1801.94,1197.52,21,6.45,0,63.76
29489,1660.14,776.29,25,0.69,0,48.09
13017,3136.83,2650.78,34,0.36,0,32.54
25050,2344.92,1262.64,14,7.98,1,90.36
19484,1484.85,551.53,21,6.96,1,92.68
24486,4172.25,2595.27,27,7.06,1,93.27
20695,4372.56,1828.46,30,7.61,0,92.83
21062,1254.65,603.68,30,3.51,1,86.49
20407,533.78,406.16,13,2.29,1,48.31
24474,2012.58,849.14,39,1.04,0,64.08
23476,4088.8,3245.77,0,4.01,0,32.58
8363,4276.28,3700.26,19,1.76,1,48.64
25651,1122.48,767.32,24,7.48,0,72.09
18401,3984.51,2951.32,2,0.03,1,30.24
13077,1020.67,757.82,18,1.15,0,27.76
17855,2255.28,2020.83,23,1.97,0,39.06
29174,4993.74,2685.86,24,1.59,1,68.39
26439,1366.66,600.74,4,1.81,0,23.76
25842,1192.84,758.1,11,5.25,0,42.64
16569,2402.6,1545.56,9,2.62,0,37.74
24603,3288.51,1472.76,25,4.92,0,65.34
14627,4698.05,3228.55,13,7.12,1,84.46
22154,4913.7,1757.97,22,4.82,0,74.4
20989,813.38,699.69,29,5.56,0,55.31
11244,1120.99,555.47,31,2.92,1,71.18
11661,4058.32,1508.71,7,1.28,1,62.61
6528,1717.84,703.52,36,2.56,0,67.7
8494,4481.82,2160.85,6,7.71,1,83.75
15840,3485.54,1745.03,0,4.97,0,41.16
16946,1003.3,369.26,1,2.22,1,48.52
9128,4246.38,2138.67,8,3.61,1,58.22
15422,1293.6,590.04,34,6.68,1,100.0
20104,2405.73,1342.98,8,5.35,0,48.39
10814,2984.83,1677.0,27,4.49,0,70.57
13455,2753.45,1477.1,16,7.08,1,86.0
14187,3587.73,1902.78,1,5.38,1,60.95
17626,3437.09,1372.61,17,5.14,0,62.91
14159,4964.19,1806.28,1,1.52,0,20.18
23423,4997.4,2304.61,19,0.85,0,42.34
13187,2824.07,2163.68,22,7.72,1,89.26
15847,928.4,830.86,20,4.79,0,52.55
14486,3775.29,3249.36,11,3.33,1,44.71
9572,4894.99,3070.73,30,4.71,1,92.8
22143,1932.47,1241.62,23,0.49,1,58.18
10886,2575.44,1347.01,10,6.58,0,68.32
12421,2411.5,1870.52,17,1.73,1,51.71
24818,731.39,563.62,4,6.44,1,69.68
28721,3525.19,2870.74,36,4.28,0,57.65
21771,2090.02,1760.9,30,2.21,1,67.55
27908,4043.59,2381.24,11,0.24,1,41.75
26354,4244.54,3275.86,26,6.53,1,80.13
17022,4195.54,3329.24,27,1.41,1,54.83
24257,2375.0,1234.17,24,0.41,0,40.69
13209,1946.96,1676.49,2,6.05,1,55.05
16512,3869.69,1555.18,35,2.8,1,88.6
18385,4106.25,3682.68,38,3.11,0,49.49
29012,2710.66,2096.83,38,1.98,1,61.94
26214,4518.64,1813.33,39,6.87,0,100.0
17231,1147.59,815.85,37,2.38,1,78.72
21314,4455.81,1643.3,29,1.68,1,71.49
10058,932.43,721.33,2,2.47,0,23.12
25109,1190.86,940.27,18,1.63,0,37.74
18825,2902.28,1977.4,9,2.54,0,36.64
18318,803.83,660.17,8,0.66,1,35.76
24157,737.63,297.88,33,1.27,0,60.77
20822,502.33,252.05,32,3.34,1,76.95
6811,2463.42,1423.36,20,7.04,0,71.98
12203,3985.81,1488.11,29,0.46,1,69.32
9417,656.77,391.78,5,1.7,1,43.26
23372,3435.16,1703.38,8,7.27,0,63.78
5878,4204.07,2379.52,34,7.12,1,100.0
10060,1256.0,733.26,18,5.44,1,78.01
19936,1160.89,967.8,21,1.92,0,30.39
22369,4373.6,2181.06,18,3.36,0,58.09
17582,4204.06,3537.96,8,1.69,1,38.57
26517,2925.24,1709.17,33,1.03,0,49.66
27973,4186.4,2220.02,30,3.04,0,60.52
8302,917.4,574.64,27,4.61,1,81.55
28812,2275.17,1319.05,14,2.88,1,50.72
20359,3820.09,1877.78,25,4.89,0,72.9
20905,1658.53,1039.03,38,2.37,0,56.71
7377,3885.48,1684.32,25,2.77,0,64.7
20546,2768.8,1505.02,19,6.33,1,83.96
23142,3876.2,2562.88,10,7.03,0,61.44
19519,2591.06,1496.01,20,2.58,1,75.01
7112,2155.57,1731.25,14,4.57,1,62.42
18080,1486.35,730.09,24,2.23,1,74.78
28398,1437.71,1270.03,1,0.43,1,26.38
23085,3881.71,3033.93,7,5.9,1,69.28
8435,1035.1,913.14,31,1.37,0,40.34
28998,886.92,719.27,15,3.41,0,43.03
28972,1293.31,553.74,17,3.9,0,51.75
9234,1289.06,824.42,21,1.48,1,52.2
25022,4203.98,1864.42,17,0.76,1,55.17
15167,2293.28,1834.68,30,2.78,0,51.1
19842,4956.75,3327.41,9,7.62,0,63.71
16129,1117.45,553.02,30,4.92,1,91.89
24565,3440.93,2963.6,8,3.05,1,56.11
29916,2519.28,1041.35,14,0.31,0,29.55
24877,2268.13,1497.25,23,4.8,1,73.91
28284,4437.88,3313.2,35,0.74,1,58.42
28650,4890.18,1869.84,9,4.34,1,83.54
7252,4427.87,3005.73,23,6.02,0,69.37
11334,1365.35,1090.57,2,3.39,1,48.24
23046,1493.59,578.23,3,2.4,1,47.05
19751,3452.33,2180.95,30,0.38,1,61.58
6253,1800.88,886.4,28,0.2,0,45.87
7376,3806.26,2719.99,15,3.44,1,61.53
18013,3048.89,1266.12,24,7.07,1,100.0
20404,2979.09,2578.04,15,1.95,0,42.82
9192,4228.46,3560.79,11,4.59,1,57.39
9282,3697.4,1672.28,17,5.47,0,60.43
8233,619.6,327.02,12,0.49,1,41.87
19123,722.57,486.43,32,1.22,1,72.09
5196,3207.01,2389.01,16,2.65,1,63.05
19310,2687.86,1595.14,12,5.36,0,54.49
16898,1670.83,728.42,21,3.51,0,56.99
16649,2383.95,970.94,30,5.87,1,93.39
21981,3910.6,3519.03,10,6.94,0,58.54
18065,4219.75,2533.72,37,6.07,1,98.98
23193,3025.5,2510.84,18,7.94,1,84.69
24098,2234.16,1374.7,26,6.03,1,91.41
28002,1718.14,1472.95,38,6.82,1,94.76
24981,2848.63,1134.52,17,6.66,0,71.65
17942,1916.37,790.91,7,5.84,1,76.02
17303,3038.43,2616.99,29,6.41,0,72.56
10892,3544.94,3088.07,0,7.48,1,74.77
19989,797.36,417.09,18,3.8,1,73.14
8478,504.8,275.29,39,5.11,1,99.35
28280,1455.25,871.47,16,4.12,0,49.55
26126,4525.3,2619.65,27,6.81,1,93.37
7993,3408.31,1549.16,21,3.45,1,78.92
24648,1273.82,1075.24,8,6.56,1,68.07
7927,4506.19,2204.96,12,6.39,1,76.69
23030,2614.8,1929.46,20,7.7,1,87.16
7192,2642.41,1022.44,4,1.99,1,53.17
17204,4709.94,1748.86,16,5.68,1,84.64
21446,767.69,544.72,16,6.06,1,82.59
23220,1468.3,787.68,33,7.49,1,100.0
15465,3135.97,2228.12,4,7.26,0,62.19
28040,1379.69,554.24,33,4.59,0,75.58
24358,3557.87,3103.95,16,4.63,0,47.68
10206,1463.42,1114.66,26,1.34,1,52.69
21780,946.21,787.19,22,7.8,1,86.75
23263,1431.43,608.44,11,2.04,0,39.87
13340,2402.3,1263.82,37,5.8,0,74.97
23455,1292.62,714.29,8,6.37,1,72.23
27459,1106.11,713.94,1,3.53,0,30.44
25427,4371.27,2243.67,30,1.69,0,57.33
24063,1941.79,744.38,24,1.51,0,52.66
20862,2123.41,1174.0,35,6.85,1,99.82
11763,748.72,366.87,18,4.09,0,57.07
24880,2108.16,1185.33,0,0.72,0,18.3
14104,1691.63,775.32,0,5.74,1,53.14
18304,3247.18,1604.25,17,2.0,0,42.31
12860,1424.26,989.61,9,7.01,0,62.64
12825,4497.64,2534.35,36,2.48,1,73.21
8940,4683.5,2528.91,4,1.6,1,49.46
29032,949.24,610.98,35,0.68,0,54.8
8694,983.31,761.6,8,4.09,0,33.65
7156,1018.97,568.97,4,3.61,0,37.71
28403,3288.06,2213.31,10,6.01,1,66.63
18875,1048.86,924.48,5,3.72,1,55.69
15947,4335.72,2762.24,16,2.75,0,44.33
23437,3894.22,3311.6,13,2.09,1,49.83
14582,4189.14,3294.84,21,2.23,1,66.5
8198,2867.27,1096.14,21,7.42,0,84.43
23242,4985.05,2921.26,0,1.32,0,20.29
9399,698.79,512.96,4,7.91,1,70.52
18824,2305.69,2058.27,6,2.62,1,45.78
28726,1957.72,1178.75,7,0.71,1,38.96
28403,4768.9,1912.48,3,1.99,0,25.79
14019,3095.87,2040.51,12,0.47,0,26.43
24507,4127.86,1732.09,21,6.32,0,67.8
20316,1266.54,966.79,12,4.1,0,49.8
16984,4903.85,3085.61,13,2.7,0,43.44
8498,2743.88,2052.11,18,5.3,0,51.11
14408,2721.52,2253.83,21,5.05,1,69.03
21297,4868.98,3388.43,13,7.52,1,75.6
29665,2213.3,1520.18,8,7.69,1,73.61
5122,2288.86,1751.01,16,5.45,1,76.77
22944,3131.39,2546.91,0,6.54,0,55.87
26158,1076.24,891.1,19,6.34,1,79.84
28779,1944.89,719.68,37,3.93,0,75.3
15595,1369.44,898.22,15,5.64,1,72.03
7961,964.78,452.43,4,0.63,1,37.16
11774,4397.65,3620.1,28,6.06,0,78.55
26263,3151.99,2227.26,5,7.69,1,75.83
26948,2114.03,1228.51,7,0.68,1,53.3
20926,2339.01,1060.64,5,6.69,0,66.99
8068,2441.84,1309.95,35,7.46,0,80.2
8048,3349.17,2468.6,39,1.81,1,70.96
16954,4670.46,2159.61,22,4.2,0,60.34
19706,4697.51,1885.91,24,7.42,1,100.0
5809,2261.71,1896.26,25,7.68,0,71.56
22152,1981.68,1526.52,24,1.02,1,69.08
18612,2529.71,1163.38,21,2.79,0,47.6
5307,3055.7,1560.77,39,5.59,0,84.7
7391,2578.18,2280.76,29,1.77,1,62.97
16357,3464.39,2561.92,3,2.6,0,28.26
23064,2994.8,2053.79,15,0.19,1,45.5
25634,1943.22,1008.91,38,1.23,0,52.1
15782,2055.79,1057.74,16,4.5,0,56.3
12383,2203.67,819.19,8,5.22,1,77.54
29207,925.88,695.02,34,5.19,0,69.2
16463,1247.28,466.17,24,6.23,0,78.73
12884,3754.01,1323.93,22,3.32,1,86.31
16057,2250.94,1690.95,16,2.19,1,58.83
5302,1465.43,1277.68,4,0.12,1,27.95
12548,3032.03,2322.76,15,1.65,1,44.78
17888,3899.93,2376.62,17,2.5,1,59.66
27961,1658.4,1023.77,37,1.43,1,71.18
23455,4220.55,2489.6,12,0.16,1,47.47
24532,4673.77,2470.34,5,1.26,0,27.85
18622,3188.28,2030.75,17,5.33,1,72.01
7764,3510.26,2060.99,39,5.04,0,72.76
14773,736.59,500.14,19,7.49,1,78.38
29925,4754.84,4012.92,15,6.39,0,56.88
6104,2266.18,2033.34,26,4.54,1,64.38
26980,4657.55,1831.86,25,1.1,1,64.41
22112,3105.4,1743.92,11,4.51,1,67.01
12097,520.78,234.03,38,0.49,1,65.27
24449,673.44,366.13,23,3.45,0,55.92
25922,3561.88,1809.83,2,3.12,0,40.99
6080,3032.01,1352.26,16,3.42,0,50.13
7660,619.4,477.08,36,2.24,1,68.04
21643,3845.57,2395.63,15,5.49,1,79.52
29977,4334.65,3708.67,22,6.73,0,61.9
5599,2733.88,1005.86,24,6.15,0,73.2
21642,2595.91,1004.2,28,5.02,0,79.79
8413,524.63,299.98,34,4.31,1,90.08
21253,4039.92,1592.35,5,0.25,0,31.09
20582,1988.22,983.18,20,5.78,1,89.59
7261,4454.44,3974.77,21,4.36,1,58.68
22018,2178.77,1012.97,6,2.17,0,42.31
27425,3042.85,1396.56,26,2.62,0,59.06
26586,1716.54,1142.36,4,7.48,1,79.57
5724,1222.65,762.81,18,4.99,0,58.11
11147,3987.09,2668.32,13,3.81,1,64.79
11020,2734.66,1523.76,6,4.97,1,65.36
16332,2914.2,2345.11,32,3.31,1,75.61
8575,4844.37,2064.76,9,3.76,1,67.29
26358,4836.11,2832.1,10,2.32,1,61.38
24419,4350.39,3173.04,34,3.52,0,54.49
25208,1344.24,1112.4,35,5.48,0,65.48
9955,3174.23,1756.19,1,0.32,0,29.46
5364,4451.66,2948.16,11,6.36,1,74.33
27765,2185.09,847.87,28,2.26,1,75.0
12222,954.98,423.7,31,5.46,0,71.16
21406,4149.33,1610.05,39,5.14,0,87.57
27735,2667.94,2001.84,22,5.22,1,72.99
5904,3039.77,1545.52,0,4.87,0,43.62
5136,4919.65,3680.19,34,7.67,1,100.0
5135,3232.45,1249.4,6,4.07,1,63.91
8908,2412.41,1988.79,4,5.86,0,47.45
6291,2164.93,1752.6,26,5.64,0,66.43
25499,2379.29,949.12,24,1.89,0,57.68
20148,1032.8,374.97,2,2.27,1,53.11
29501,4076.38,1552.93,6,3.39,0,62.91
25037,4269.73,3499.03,23,2.22,0,47.88
29079,1779.79,852.67,10,2.93,1,62.17
10963,1867.08,1216.5,27,3.13,0,49.44
12194,4434.5,2591.68,16,4.83,1,75.39
26235,607.87,478.72,23,1.76,0,44.49
11122,2842.06,1758.93,18,6.43,0,74.41
6430,2586.54,1617.53,14,3.5,0,53.07
21728,3605.57,3223.38,13,5.65,0,53.49
25024,1235.26,534.34,27,0.65,0,39.86
29204,3507.49,2830.15,20,3.76,1,68.42
28194,2195.3,830.84,23,0.23,0,36.58
8005,3284.22,2012.26,23,5.41,1,75.91
24302,680.43,569.85,8,2.75,1,47.07
26153,2577.77,1845.34,36,7.59,1,100.0
22453,2850.13,2071.67,22,2.59,1,67.62
25494,1464.47,724.66,28,4.51,0,69.11
25949,1128.31,654.66,35,2.06,0,59.2
16163,1348.13,743.66,36,4.96,1,87.56
6003,2048.63,1304.56,26,3.74,1,74.37
16404,935.65,565.34,31,2.97,0,49.48
10044,4762.94,2523.38,18,1.63,1,52.01
7843,2322.47,1203.07,29,0.89,1,69.49
8123,4140.36,2020.37,12,0.96,1,49.81
22434,4884.88,2690.47,28,7.99,0,91.88
17613,863.31,373.35,3,3.3,0,44.27
18495,3432.51,2847.81,36,0.02,0,37.93
23629,4421.34,3011.67,9,7.62,0,66.97
18706,3354.05,1420.72,26,0.16,0,41.62
20750,2430.62,1778.29,0,3.35,0,19.67
7150,2439.84,1991.44,6,5.74,0,45.54
26278,661.54,317.97,39,7.32,0,89.23
16219,2905.7,1257.68,33,5.7,0,78.79
8880,4970.94,1763.39,8,3.71,0,61.81
25333,4814.18,1810.07,5,7.8,0,63.28
23365,681.8,524.46,32,0.31,1,58.05
6325,3676.09,3282.57,39,7.9,1,98.44
9826,1857.94,696.14,6,6.8,1,85.93
5393,4563.45,3474.79,26,7.43,1,95.49
11768,703.02,273.84,11,2.04,0,42.02
7499,4711.43,3183.39,29,1.14,1,60.08
22747,4268.64,3269.1,16,5.31,0,51.05
18063,1028.77,563.32,5,4.13,1,64.44
29505,769.21,273.85,12,4.19,0,62.76
23735,4256.18,2882.94,21,7.4,0,75.92
20288,1200.91,1075.04,31,4.96,0,55.04
17732,2907.04,1429.36,0,2.49,0,33.54
6362,4620.85,2098.88,38,3.2,1,100.0
6755,3053.52,1276.86,25,1.07,1,67.39
20407,2287.55,1499.24,35,1.54,0,59.9
5109,2502.57,1696.86,37,1.15,0,48.07
6058,784.03,616.05,6,6.48,1,66.05
10478,4859.39,3713.5,3,5.64,1,66.75
27103,1897.94,1595.98,31,4.24,1,77.89
16473,1352.14,1072.48,7,2.99,1,44.5
22739,1787.21,868.58,5,5.35,1,65.07
15289,4839.68,3173.54,18,6.5,1,90.08
9328,924.29,474.69,36,7.05,1,100.0
14278,4402.86,2339.6,31,4.38,0,77.99
7293,3685.3,3178.82,20,6.56,1,88.9
24256,4235.09,3070.62,7,4.09,0,41.95
9588,4891.54,4334.02,13,3.8,0,39.33
14409,4289.7,2485.03,27,6.92,1,100.0
29500,4745.22,3063.47,6,3.09,0,41.34
19799,1071.21,661.91,20,3.17,1,61.04
16464,4081.05,1669.18,0,2.44,1,48.06
18575,2955.54,1419.21,13,4.15,0,55.53
24602,2945.73,1885.86,9,4.36,0,44.93
11362,4545.15,1759.23,27,5.28,1,94.16
20910,4873.12,4202.11,36,3.44,1,83.71
26817,3671.77,1535.22,5,1.74,1,57.01
19310,2673.22,1226.71,31,6.93,0,91.6
16163,2553.82,1968.81,26,2.77,1,56.39
8628,2238.54,902.83,38,7.38,0,96.22
11207,2127.2,1797.81,36,1.66,0,51.77
28650,2261.78,1694.38,4,4.48,0,30.4
18531,903.89,350.48,29,4.29,0,65.71
12533,848.46,619.82,23,6.63,1,79.89
15459,4009.41,2796.15,4,1.11,1,40.91
19450,2507.33,1921.97,10,7.28,0,66.69
18438,4688.08,3776.29,37,4.25,1,95.32
22494,3254.99,2425.27,21,4.69,0,51.52
11437,658.29,442.63,13,4.08,1,65.27
21230,1208.86,637.5,12,0.29,0,30.57
16066,1426.19,1046.11,33,3.98,0,62.93
28514,4890.81,4285.99,11,2.11,1,50.09
8948,1484.17,999.05,6,2.74,1,51.29
8710,2820.9,2018.04,22,5.19,1,86.16
16541,4712.8,2782.53,39,3.98,1,97.51
17708,4897.37,3750.73,7,0.75,0,17.02
22271,1563.62,1405.25,10,0.58,0,20.79
15100,721.03,315.97,18,1.49,1,64.41
27842,1191.21,549.53,7,1.53,1,51.63
16854,784.98,507.64,26,4.87,0,67.21
8233,1378.06,847.17,10,1.42,0,30.7
7980,3058.56,2032.0,5,7.05,1,75.43
29335,4606.02,1736.43,10,1.68,0,42.13
8352,2917.48,1669.83,37,0.73,0,42.97
28696,3316.95,2224.47,37,7.01,1,100.0
11951,1408.4,946.24,20,2.36,0,38.91
7335,4102.63,2919.16,16,3.4,0,39.94
12617,3280.05,2447.31,32,7.67,1,100.0
20367,4388.62,3084.54,7,7.55,0,63.68
15697,4769.79,3742.54,26,5.72,1,83.94
24639,2065.55,1432.71,27,0.55,1,53.77
20274,907.61,585.98,28,4.75,0,64.33
15019,1516.68,1036.51,8,7.91,1,84.69
20865,2470.29,1002.09,28,7.58,1,100.0
29286,4755.62,2378.93,24,0.85,0,45.99
15295,2202.39,1409.69,35,3.17,1,84.26
8836,3968.48,3294.41,6,2.52,0,18.67
15219,2932.15,2121.34,24,1.04,0,38.25
26002,1322.64,528.69,33,5.56,1,95.46
10440,1943.3,1313.19,11,2.19,1,50.95
28728,3439.36,1623.23,29,2.76,1,76.05
19707,3527.84,2658.97,3,0.72,1,36.28
20039,2456.42,1977.64,28,3.98,1,83.03
12926,1528.91,1034.15,24,1.27,0,38.18
28011,3748.58,2531.23,7,3.46,0,40.26
5901,1259.93,675.61,2,1.15,1,51.25
12466,4715.01,2807.5,29,7.63,1,100.0
15460,1345.57,1110.44,9,1.16,0,30.14
16931,982.91,735.04,19,4.18,0,48.64
16853,2739.41,1741.9,2,1.58,1,51.04
8698,2837.97,1568.06,38,0.61,0,57.57
10639,2786.87,1052.62,21,1.62,0,50.79
7381,2465.0,1056.63,37,0.44,1,72.99
19311,4976.67,2270.18,6,1.12,0,29.71
13771,2688.26,1492.96,8,3.95,1,63.32
19144,2650.76,2304.25,24,5.21,1,79.34
19742,2397.95,1505.51,24,0.7,1,56.94
22550,800.72,383.67,31,3.53,1,80.15
18675,3168.3,1293.18,37,4.65,1,96.54
21198,1525.85,817.96,32,1.87,1,77.51
19678,3369.24,2690.85,5,2.98,0,36.41
21310,728.75,408.71,12,0.57,1,42.53
20416,4916.24,3809.49,36,1.76,1,68.41
12905,2610.52,2066.2,21,3.73,0,50.2
11157,4535.4,1863.83,34,7.92,0,100.0
24685,2640.03,1807.79,22,7.97,0,81.46
13567,771.49,676.98,1,7.84,0,42.19
18728,4199.96,2398.92,18,3.38,0,50.56
9924,3416.83,1291.63,32,0.65,1,67.77
15785,4017.91,3446.63,26,2.59,0,44.58
18241,2426.76,2028.81,5,1.9,0,30.33
20650,3370.72,2147.74,8,0.11,0,14.96
18159,4353.03,2845.75,34,0.76,0,41.44
14016,3339.79,1557.87,39,3.63,1,88.24
29044,2064.53,1653.07,30,2.72,0,51.43
17818,3481.38,2173.18,3,1.44,1,46.49
